{
  "class": "AS3",
  "action": "deploy",
  "persist": true,
  "declaration": {
    "class": "ADC",
    "schemaVersion": "3.7.0",
    "id": "Consul-Pool",
    "label": "Shared_pool",
    "Common": {
      "class": "Tenant",
      "Shared": {
        "class": "Application",
        "template": "shared",
        "webapp-pool-consul": {
          "class": "Pool",
          "monitors": [
            "http"
          ],
          "members": [
            {
              "servicePort": 80,
              "addressDiscovery": "consul",
              "updateInterval": 5,
              "uri": "http://10.0.0.100:8500/v1/health/service/nginx?passing",
              "jmesPathQuery": "[*].{id:Node.Address,ip:{private:Node.Address,public:Node.Address},port:Service.Port}"
            }
          ]
        }
      }
    }
  }
}
